Name,Age,Gender,City,Food_Preference,Sleep_Schedule,Cleanliness_Level,Smoking_Drinking,Personality_Description,Ideal_Roommate
User2824,18,Other,Chennai,Vegetarian,Early riser,Very Clean,Occasionally,"Extroverted, loves socializing, watches late-night IPL","Night owl, enjoys late-night discussions"
User2424,27,Female,Delhi,Vegetarian,Early riser,Very Clean,Yes,"Studies long hours, needs cooperative environment","Studious, respects space, loves cricket"
User1434,26,Male,Ahmedabad,Non-Vegetarian,Early riser,Moderately Clean,Occasionally,"Minimalist, avoids clutter, prefers peaceful environment","Quiet, non-smoker, prefers early mornings"
User3615,24,Female,Chennai,Vegetarian,Early riser,Moderately Clean,Yes,"Extroverted, loves socializing, watches late-night IPL","Open-minded, talkative, doesn't mind visitors"
User2584,23,Female,Jaipur,Non-Vegetarian,Early riser,Messy,No,"Studies long hours, needs cooperative environment","Friendly, okay with music, respects privacy"
User7201,19,Other,Chennai,Eggetarian,Flexible,Moderately Clean,Occasionally,"Loves cooking, listens to music while studying","Friendly, okay with music, respects privacy"
User1750,28,Male,Chennai,Vegetarian,Early riser,Very Clean,No,"Minimalist, avoids clutter, prefers peaceful environment","Minimalist, prefers clean and peaceful room"
User6977,20,Female,Pune,Vegetarian,Flexible,Moderately Clean,Occasionally,"Extroverted, loves socializing, watches late-night IPL","Studious, respects space, loves cricket"
User3803,26,Other,Hyderabad,Vegetarian,Night owl,Moderately Clean,No,"Studies long hours, needs cooperative environment","Similar sleep schedule, respectful of boundaries"
User6313,18,Male,Delhi,Non-Vegetarian,Night owl,Moderately Clean,Yes,"Loves cooking, listens to music while studying","Studious, respects space, loves cricket"
User6155,21,Other,Kolkata,Non-Vegetarian,Flexible,Moderately Clean,Yes,"Minimalist, avoids clutter, prefers peaceful environment","Clean and organized, no frequent guests"
User5040,26,Other,Chennai,Eggetarian,Flexible,Moderately Clean,Occasionally,"Spiritual, practices yoga, needs silence in mornings","Non-smoker, introverted and cooperative"
User4593,20,Other,Kolkata,Vegetarian,Early riser,Very Clean,Yes,"Focused student, prefers early mornings and chai","Open-minded, talkative, doesn't mind visitors"
User2040,24,Female,Jaipur,Non-Vegetarian,Flexible,Moderately Clean,Occasionally,"Introverted, enjoys quiet time, loves reading novels","Friendly, okay with music, respects privacy"
User9797,22,Other,Pune,Vegetarian,Night owl,Moderately Clean,Yes,"Chatty and helpful, often invites friends over","Quiet, non-smoker, prefers early mornings"
User5315,26,Male,Ahmedabad,Vegetarian,Flexible,Moderately Clean,Occasionally,"Studies long hours, needs cooperative environment","Studious, respects space, loves cricket"
User4258,20,Female,Bangalore,Eggetarian,Flexible,Very Clean,Occasionally,"Late night gamer, loves anime and group activities","Minimalist, prefers clean and peaceful room"
User1319,19,Female,Chennai,Vegetarian,Early riser,Very Clean,Occasionally,"Extroverted, loves socializing, watches late-night IPL","Friendly, okay with music, respects privacy"
User8962,19,Other,Bangalore,Vegetarian,Flexible,Moderately Clean,Occasionally,"Focused student, prefers early mornings and chai",Enjoys shared meals and group chats
User9645,27,Female,Hyderabad,Eggetarian,Flexible,Messy,Yes,"Minimalist, avoids clutter, prefers peaceful environment","Open-minded, talkative, doesn't mind visitors"
User7118,25,Other,Kolkata,Vegetarian,Early riser,Very Clean,Yes,"Late night gamer, loves anime and group activities","Quiet, non-smoker, prefers early mornings"
User4770,27,Male,Delhi,Vegetarian,Flexible,Messy,Yes,"Loves cooking, listens to music while studying","Friendly, okay with music, respects privacy"
User1514,23,Male,Ahmedabad,Vegetarian,Night owl,Messy,No,"Loves cooking, listens to music while studying","Night owl, enjoys late-night discussions"
User3167,27,Other,Kolkata,Vegetarian,Night owl,Moderately Clean,Yes,"Extroverted, loves socializing, watches late-night IPL","Friendly, okay with music, respects privacy"
User8062,23,Female,Lucknow,Non-Vegetarian,Flexible,Very Clean,Occasionally,"Extroverted, loves socializing, watches late-night IPL","Quiet, non-smoker, prefers early mornings"
User7596,23,Male,Hyderabad,Vegetarian,Early riser,Messy,No,"Focused student, prefers early mornings and chai","Open-minded, talkative, doesn't mind visitors"
User4006,22,Female,Hyderabad,Vegetarian,Night owl,Messy,Yes,"Introverted, enjoys quiet time, loves reading novels","Night owl, enjoys late-night discussions"
User1241,19,Male,Bangalore,Non-Vegetarian,Night owl,Moderately Clean,Yes,"Spiritual, practices yoga, needs silence in mornings","Quiet, non-smoker, prefers early mornings"
User3697,24,Male,Lucknow,Non-Vegetarian,Night owl,Moderately Clean,No,"Studies long hours, needs cooperative environment","Minimalist, prefers clean and peaceful room"
User3536,21,Female,Hyderabad,Vegetarian,Flexible,Messy,Occasionally,"Introverted, enjoys quiet time, loves reading novels","Non-smoker, introverted and cooperative"
User1936,18,Other,Kolkata,Eggetarian,Flexible,Very Clean,Yes,"Studies long hours, needs cooperative environment","Friendly, okay with music, respects privacy"
User4044,19,Other,Mumbai,Eggetarian,Early riser,Moderately Clean,Yes,"Enjoys movies, keeps shared areas clean","Similar sleep schedule, respectful of boundaries"
User1651,27,Male,Lucknow,Eggetarian,Flexible,Messy,Occasionally,"Late night gamer, loves anime and group activities",Enjoys shared meals and group chats
User4346,28,Other,Pune,Vegetarian,Night owl,Moderately Clean,Yes,"Minimalist, avoids clutter, prefers peaceful environment","Minimalist, prefers clean and peaceful room"
User6180,19,Male,Kolkata,Eggetarian,Flexible,Very Clean,Yes,"Studies long hours, needs cooperative environment","Similar sleep schedule, respectful of boundaries"
User9288,22,Male,Pune,Vegetarian,Early riser,Moderately Clean,No,"Focused student, prefers early mornings and chai","Minimalist, prefers clean and peaceful room"
User9900,22,Other,Ahmedabad,Vegetarian,Flexible,Messy,No,"Extroverted, loves socializing, watches late-night IPL","Clean and organized, no frequent guests"
User5333,19,Male,Ahmedabad,Vegetarian,Night owl,Moderately Clean,Occasionally,"Loves cooking, listens to music while studying","Non-smoker, introverted and cooperative"
User4335,28,Other,Chennai,Eggetarian,Night owl,Moderately Clean,Yes,"Extroverted, loves socializing, watches late-night IPL","Open-minded, talkative, doesn't mind visitors"
User5533,18,Male,Pune,Vegetarian,Flexible,Moderately Clean,Yes,"Chatty and helpful, often invites friends over","Night owl, enjoys late-night discussions"
User8007,26,Male,Mumbai,Vegetarian,Flexible,Very Clean,Occasionally,"Introverted, enjoys quiet time, loves reading novels","Non-smoker, introverted and cooperative"
User3426,24,Male,Delhi,Non-Vegetarian,Night owl,Very Clean,No,"Loves cooking, listens to music while studying","Similar sleep schedule, respectful of boundaries"
User2684,23,Other,Lucknow,Eggetarian,Flexible,Very Clean,Yes,"Focused student, prefers early mornings and chai","Clean and organized, no frequent guests"
User7755,18,Male,Pune,Non-Vegetarian,Flexible,Messy,Yes,"Minimalist, avoids clutter, prefers peaceful environment","Clean and organized, no frequent guests"
User2771,24,Male,Kolkata,Vegetarian,Early riser,Moderately Clean,No,"Minimalist, avoids clutter, prefers peaceful environment","Similar sleep schedule, respectful of boundaries"
User4652,18,Other,Hyderabad,Non-Vegetarian,Night owl,Moderately Clean,Yes,"Minimalist, avoids clutter, prefers peaceful environment","Non-smoker, introverted and cooperative"
User9346,24,Other,Ahmedabad,Non-Vegetarian,Early riser,Very Clean,No,"Focused student, prefers early mornings and chai","Studious, respects space, loves cricket"
User5349,18,Male,Jaipur,Non-Vegetarian,Night owl,Messy,No,"Spiritual, practices yoga, needs silence in mornings","Studious, respects space, loves cricket"
User9379,19,Female,Jaipur,Vegetarian,Night owl,Very Clean,Occasionally,"Spiritual, practices yoga, needs silence in mornings","Quiet, non-smoker, prefers early mornings"
User9518,26,Other,Hyderabad,Non-Vegetarian,Night owl,Very Clean,Occasionally,"Late night gamer, loves anime and group activities","Studious, respects space, loves cricket"
User6143,28,Male,Chennai,Eggetarian,Night owl,Messy,No,"Late night gamer, loves anime and group activities","Open-minded, talkative, doesn't mind visitors"
User5844,26,Male,Hyderabad,Non-Vegetarian,Flexible,Moderately Clean,Occasionally,"Focused student, prefers early mornings and chai","Studious, respects space, loves cricket"
User5930,24,Other,Delhi,Non-Vegetarian,Night owl,Very Clean,No,"Enjoys movies, keeps shared areas clean","Studious, respects space, loves cricket"
User6279,25,Female,Kolkata,Eggetarian,Early riser,Messy,No,"Focused student, prefers early mornings and chai","Friendly, okay with music, respects privacy"
User5649,26,Other,Jaipur,Non-Vegetarian,Early riser,Very Clean,Occasionally,"Minimalist, avoids clutter, prefers peaceful environment","Similar sleep schedule, respectful of boundaries"
User4262,20,Male,Delhi,Vegetarian,Night owl,Messy,Yes,"Chatty and helpful, often invites friends over","Open-minded, talkative, doesn't mind visitors"
User4185,24,Female,Lucknow,Vegetarian,Early riser,Messy,Occasionally,"Introverted, enjoys quiet time, loves reading novels","Friendly, okay with music, respects privacy"
User7965,21,Male,Ahmedabad,Non-Vegetarian,Early riser,Messy,Yes,"Extroverted, loves socializing, watches late-night IPL","Minimalist, prefers clean and peaceful room"
User3184,25,Other,Ahmedabad,Eggetarian,Flexible,Moderately Clean,No,"Enjoys movies, keeps shared areas clean","Night owl, enjoys late-night discussions"
User7991,26,Female,Bangalore,Eggetarian,Night owl,Moderately Clean,No,"Loves cooking, listens to music while studying",Enjoys shared meals and group chats
User9540,25,Other,Hyderabad,Non-Vegetarian,Night owl,Very Clean,Occasionally,"Minimalist, avoids clutter, prefers peaceful environment","Similar sleep schedule, respectful of boundaries"
User5451,23,Female,Ahmedabad,Vegetarian,Early riser,Very Clean,Yes,"Spiritual, practices yoga, needs silence in mornings","Clean and organized, no frequent guests"
User4505,19,Female,Lucknow,Non-Vegetarian,Flexible,Moderately Clean,No,"Introverted, enjoys quiet time, loves reading novels","Similar sleep schedule, respectful of boundaries"
User7883,24,Other,Delhi,Eggetarian,Night owl,Moderately Clean,Yes,"Late night gamer, loves anime and group activities",Enjoys shared meals and group chats
User7389,24,Other,Ahmedabad,Eggetarian,Early riser,Moderately Clean,Yes,"Minimalist, avoids clutter, prefers peaceful environment","Open-minded, talkative, doesn't mind visitors"
User8956,18,Female,Pune,Eggetarian,Flexible,Moderately Clean,Occasionally,"Focused student, prefers early mornings and chai","Minimalist, prefers clean and peaceful room"
User3091,27,Other,Delhi,Non-Vegetarian,Flexible,Messy,Occasionally,"Introverted, enjoys quiet time, loves reading novels","Friendly, okay with music, respects privacy"
User8022,20,Female,Bangalore,Vegetarian,Night owl,Moderately Clean,No,"Loves cooking, listens to music while studying","Minimalist, prefers clean and peaceful room"
User6355,23,Female,Chennai,Non-Vegetarian,Night owl,Very Clean,No,"Introverted, enjoys quiet time, loves reading novels","Night owl, enjoys late-night discussions"
User1853,23,Male,Mumbai,Eggetarian,Early riser,Very Clean,Yes,"Loves cooking, listens to music while studying","Quiet, non-smoker, prefers early mornings"
User3496,21,Male,Kolkata,Eggetarian,Early riser,Messy,Yes,"Chatty and helpful, often invites friends over",Enjoys shared meals and group chats
User7043,20,Other,Jaipur,Eggetarian,Flexible,Very Clean,Yes,"Minimalist, avoids clutter, prefers peaceful environment","Friendly, okay with music, respects privacy"
User1420,22,Other,Lucknow,Non-Vegetarian,Flexible,Very Clean,Yes,"Enjoys movies, keeps shared areas clean","Similar sleep schedule, respectful of boundaries"
User2669,22,Other,Jaipur,Vegetarian,Flexible,Very Clean,No,"Studies long hours, needs cooperative environment","Open-minded, talkative, doesn't mind visitors"
User7071,19,Other,Pune,Vegetarian,Night owl,Moderately Clean,Yes,"Spiritual, practices yoga, needs silence in mornings","Non-smoker, introverted and cooperative"
User8532,20,Female,Bangalore,Eggetarian,Flexible,Messy,No,"Enjoys movies, keeps shared areas clean","Night owl, enjoys late-night discussions"
User8921,25,Female,Jaipur,Non-Vegetarian,Night owl,Very Clean,Yes,"Minimalist, avoids clutter, prefers peaceful environment","Minimalist, prefers clean and peaceful room"
User4995,25,Other,Jaipur,Eggetarian,Night owl,Moderately Clean,Yes,"Chatty and helpful, often invites friends over","Non-smoker, introverted and cooperative"
User3979,25,Male,Pune,Non-Vegetarian,Night owl,Moderately Clean,Occasionally,"Minimalist, avoids clutter, prefers peaceful environment","Night owl, enjoys late-night discussions"
User1166,26,Male,Mumbai,Vegetarian,Flexible,Moderately Clean,No,"Studies long hours, needs cooperative environment","Similar sleep schedule, respectful of boundaries"
User8800,28,Other,Kolkata,Non-Vegetarian,Early riser,Very Clean,No,"Loves cooking, listens to music while studying","Open-minded, talkative, doesn't mind visitors"
User4986,22,Other,Jaipur,Non-Vegetarian,Night owl,Messy,Occasionally,"Late night gamer, loves anime and group activities","Open-minded, talkative, doesn't mind visitors"
User6419,23,Other,Kolkata,Non-Vegetarian,Night owl,Moderately Clean,Yes,"Extroverted, loves socializing, watches late-night IPL","Similar sleep schedule, respectful of boundaries"
User6169,19,Other,Ahmedabad,Eggetarian,Early riser,Very Clean,Yes,"Chatty and helpful, often invites friends over",Enjoys shared meals and group chats
User9595,27,Female,Mumbai,Vegetarian,Night owl,Very Clean,No,"Focused student, prefers early mornings and chai",Enjoys shared meals and group chats
User1231,26,Male,Chennai,Vegetarian,Early riser,Messy,No,"Focused student, prefers early mornings and chai","Minimalist, prefers clean and peaceful room"
User2680,18,Other,Chennai,Non-Vegetarian,Night owl,Moderately Clean,No,"Focused student, prefers early mornings and chai","Quiet, non-smoker, prefers early mornings"
User5136,25,Male,Mumbai,Non-Vegetarian,Night owl,Very Clean,Occasionally,"Introverted, enjoys quiet time, loves reading novels","Clean and organized, no frequent guests"
User3444,27,Female,Mumbai,Vegetarian,Early riser,Messy,No,"Enjoys movies, keeps shared areas clean","Studious, respects space, loves cricket"
User4697,26,Female,Kolkata,Non-Vegetarian,Night owl,Messy,No,"Minimalist, avoids clutter, prefers peaceful environment","Studious, respects space, loves cricket"
User1986,27,Other,Mumbai,Vegetarian,Flexible,Very Clean,No,"Extroverted, loves socializing, watches late-night IPL","Clean and organized, no frequent guests"
User4929,20,Other,Mumbai,Vegetarian,Early riser,Moderately Clean,No,"Enjoys movies, keeps shared areas clean","Minimalist, prefers clean and peaceful room"
User5771,18,Male,Chennai,Eggetarian,Night owl,Messy,No,"Extroverted, loves socializing, watches late-night IPL","Similar sleep schedule, respectful of boundaries"
User5334,28,Other,Hyderabad,Non-Vegetarian,Early riser,Messy,Yes,"Focused student, prefers early mornings and chai",Enjoys shared meals and group chats
User3330,19,Male,Bangalore,Non-Vegetarian,Flexible,Messy,Occasionally,"Minimalist, avoids clutter, prefers peaceful environment","Minimalist, prefers clean and peaceful room"
User3037,25,Other,Chennai,Eggetarian,Night owl,Moderately Clean,Occasionally,"Studies long hours, needs cooperative environment","Minimalist, prefers clean and peaceful room"
User8172,19,Other,Delhi,Non-Vegetarian,Flexible,Moderately Clean,Occasionally,"Minimalist, avoids clutter, prefers peaceful environment","Quiet, non-smoker, prefers early mornings"
User2496,21,Other,Jaipur,Eggetarian,Early riser,Messy,No,"Enjoys movies, keeps shared areas clean","Quiet, non-smoker, prefers early mornings"
User3870,25,Other,Kolkata,Non-Vegetarian,Early riser,Messy,No,"Chatty and helpful, often invites friends over","Friendly, okay with music, respects privacy"
User8700,23,Female,Pune,Non-Vegetarian,Flexible,Very Clean,Yes,"Late night gamer, loves anime and group activities","Open-minded, talkative, doesn't mind visitors"
User9117,22,Other,Lucknow,Eggetarian,Early riser,Moderately Clean,Yes,"Late night gamer, loves anime and group activities",Enjoys shared meals and group chats
User6296,19,Female,Ahmedabad,Vegetarian,Flexible,Messy,No,"Spiritual, practices yoga, needs silence in mornings","Quiet, non-smoker, prefers early mornings"
User4073,26,Female,Jaipur,Non-Vegetarian,Flexible,Moderately Clean,Yes,"Loves cooking, listens to music while studying",Enjoys shared meals and group chats
User9998,20,Female,Kolkata,Eggetarian,Night owl,Very Clean,Yes,"Enjoys movies, keeps shared areas clean","Similar sleep schedule, respectful of boundaries"
User3594,22,Other,Delhi,Eggetarian,Night owl,Very Clean,Yes,"Extroverted, loves socializing, watches late-night IPL","Minimalist, prefers clean and peaceful room"
User2924,28,Male,Kolkata,Eggetarian,Night owl,Messy,Occasionally,"Minimalist, avoids clutter, prefers peaceful environment","Open-minded, talkative, doesn't mind visitors"
User8905,25,Male,Kolkata,Eggetarian,Early riser,Moderately Clean,Yes,"Enjoys movies, keeps shared areas clean","Night owl, enjoys late-night discussions"
User3236,19,Female,Lucknow,Non-Vegetarian,Flexible,Moderately Clean,Yes,"Minimalist, avoids clutter, prefers peaceful environment",Enjoys shared meals and group chats
User9022,20,Female,Ahmedabad,Non-Vegetarian,Night owl,Moderately Clean,Occasionally,"Studies long hours, needs cooperative environment","Open-minded, talkative, doesn't mind visitors"
User8460,23,Male,Hyderabad,Eggetarian,Night owl,Very Clean,No,"Introverted, enjoys quiet time, loves reading novels","Non-smoker, introverted and cooperative"
User8749,24,Female,Bangalore,Non-Vegetarian,Early riser,Very Clean,Occasionally,"Enjoys movies, keeps shared areas clean","Non-smoker, introverted and cooperative"
User2644,25,Male,Ahmedabad,Non-Vegetarian,Early riser,Messy,Yes,"Spiritual, practices yoga, needs silence in mornings","Clean and organized, no frequent guests"
User2225,25,Female,Pune,Eggetarian,Flexible,Moderately Clean,Occasionally,"Extroverted, loves socializing, watches late-night IPL","Non-smoker, introverted and cooperative"
User9742,24,Female,Kolkata,Eggetarian,Early riser,Messy,Yes,"Loves cooking, listens to music while studying",Enjoys shared meals and group chats
User4727,19,Female,Mumbai,Eggetarian,Flexible,Very Clean,No,"Focused student, prefers early mornings and chai",Enjoys shared meals and group chats
User1474,18,Female,Delhi,Non-Vegetarian,Night owl,Moderately Clean,No,"Focused student, prefers early mornings and chai","Similar sleep schedule, respectful of boundaries"
User9702,24,Other,Bangalore,Vegetarian,Early riser,Very Clean,Occasionally,"Spiritual, practices yoga, needs silence in mornings","Studious, respects space, loves cricket"
User4945,25,Other,Bangalore,Vegetarian,Night owl,Messy,No,"Chatty and helpful, often invites friends over",Enjoys shared meals and group chats
User1153,25,Female,Ahmedabad,Vegetarian,Early riser,Moderately Clean,No,"Enjoys movies, keeps shared areas clean",Enjoys shared meals and group chats
User7951,22,Female,Chennai,Vegetarian,Night owl,Moderately Clean,Yes,"Loves cooking, listens to music while studying","Open-minded, talkative, doesn't mind visitors"
User6881,27,Female,Chennai,Vegetarian,Flexible,Moderately Clean,No,"Introverted, enjoys quiet time, loves reading novels","Studious, respects space, loves cricket"
User1803,27,Other,Kolkata,Non-Vegetarian,Early riser,Messy,No,"Loves cooking, listens to music while studying","Similar sleep schedule, respectful of boundaries"
User5106,28,Other,Bangalore,Eggetarian,Early riser,Messy,Occasionally,"Introverted, enjoys quiet time, loves reading novels",Enjoys shared meals and group chats
User8222,18,Other,Pune,Eggetarian,Early riser,Very Clean,No,"Late night gamer, loves anime and group activities","Open-minded, talkative, doesn't mind visitors"
User3877,21,Male,Ahmedabad,Non-Vegetarian,Flexible,Messy,No,"Focused student, prefers early mornings and chai",Enjoys shared meals and group chats
User8894,22,Other,Pune,Vegetarian,Night owl,Very Clean,Yes,"Loves cooking, listens to music while studying","Open-minded, talkative, doesn't mind visitors"
User6992,19,Female,Delhi,Non-Vegetarian,Flexible,Very Clean,No,"Late night gamer, loves anime and group activities",Enjoys shared meals and group chats
User7242,28,Female,Mumbai,Eggetarian,Early riser,Moderately Clean,Yes,"Enjoys movies, keeps shared areas clean","Night owl, enjoys late-night discussions"
User6374,27,Male,Mumbai,Eggetarian,Night owl,Messy,No,"Spiritual, practices yoga, needs silence in mornings","Friendly, okay with music, respects privacy"
User3290,18,Male,Chennai,Non-Vegetarian,Early riser,Very Clean,Yes,"Studies long hours, needs cooperative environment","Clean and organized, no frequent guests"
User7367,25,Female,Ahmedabad,Non-Vegetarian,Flexible,Messy,Occasionally,"Focused student, prefers early mornings and chai","Open-minded, talkative, doesn't mind visitors"
User2622,25,Other,Lucknow,Non-Vegetarian,Early riser,Messy,No,"Loves cooking, listens to music while studying","Minimalist, prefers clean and peaceful room"
User8285,21,Female,Mumbai,Eggetarian,Night owl,Messy,Occasionally,"Late night gamer, loves anime and group activities","Quiet, non-smoker, prefers early mornings"
User7523,22,Male,Mumbai,Non-Vegetarian,Early riser,Messy,Yes,"Enjoys movies, keeps shared areas clean","Quiet, non-smoker, prefers early mornings"
User1828,23,Male,Bangalore,Eggetarian,Early riser,Very Clean,Occasionally,"Loves cooking, listens to music while studying","Studious, respects space, loves cricket"
User4538,21,Female,Bangalore,Eggetarian,Early riser,Moderately Clean,Yes,"Focused student, prefers early mornings and chai","Night owl, enjoys late-night discussions"
User5106,20,Male,Delhi,Vegetarian,Early riser,Moderately Clean,Yes,"Enjoys movies, keeps shared areas clean","Non-smoker, introverted and cooperative"
User1258,20,Female,Delhi,Vegetarian,Flexible,Moderately Clean,Occasionally,"Extroverted, loves socializing, watches late-night IPL","Friendly, okay with music, respects privacy"
User8802,25,Female,Ahmedabad,Eggetarian,Early riser,Moderately Clean,Occasionally,"Loves cooking, listens to music while studying","Studious, respects space, loves cricket"
User1710,28,Other,Chennai,Non-Vegetarian,Flexible,Very Clean,Yes,"Chatty and helpful, often invites friends over","Open-minded, talkative, doesn't mind visitors"
User7984,28,Male,Kolkata,Eggetarian,Night owl,Very Clean,Yes,"Late night gamer, loves anime and group activities","Studious, respects space, loves cricket"
User3430,19,Male,Chennai,Eggetarian,Flexible,Messy,Occasionally,"Late night gamer, loves anime and group activities","Open-minded, talkative, doesn't mind visitors"
User9692,22,Female,Ahmedabad,Eggetarian,Night owl,Very Clean,Occasionally,"Extroverted, loves socializing, watches late-night IPL","Night owl, enjoys late-night discussions"
User4522,24,Female,Hyderabad,Non-Vegetarian,Night owl,Moderately Clean,No,"Spiritual, practices yoga, needs silence in mornings","Friendly, okay with music, respects privacy"
User6120,24,Female,Chennai,Non-Vegetarian,Early riser,Messy,No,"Extroverted, loves socializing, watches late-night IPL","Friendly, okay with music, respects privacy"
User2398,19,Female,Mumbai,Eggetarian,Flexible,Moderately Clean,Yes,"Studies long hours, needs cooperative environment","Quiet, non-smoker, prefers early mornings"
User6400,28,Male,Lucknow,Non-Vegetarian,Flexible,Moderately Clean,Occasionally,"Introverted, enjoys quiet time, loves reading novels",Enjoys shared meals and group chats
User6119,23,Male,Jaipur,Eggetarian,Early riser,Very Clean,Occasionally,"Chatty and helpful, often invites friends over","Similar sleep schedule, respectful of boundaries"
User2773,23,Other,Pune,Vegetarian,Night owl,Messy,Yes,"Spiritual, practices yoga, needs silence in mornings","Night owl, enjoys late-night discussions"
User1430,27,Other,Chennai,Vegetarian,Early riser,Moderately Clean,Occasionally,"Minimalist, avoids clutter, prefers peaceful environment","Non-smoker, introverted and cooperative"
User6751,18,Male,Bangalore,Eggetarian,Flexible,Moderately Clean,Yes,"Focused student, prefers early mornings and chai","Quiet, non-smoker, prefers early mornings"
User2503,26,Male,Lucknow,Non-Vegetarian,Night owl,Moderately Clean,Yes,"Late night gamer, loves anime and group activities",Enjoys shared meals and group chats
User6314,27,Other,Mumbai,Vegetarian,Early riser,Very Clean,Occasionally,"Introverted, enjoys quiet time, loves reading novels","Friendly, okay with music, respects privacy"
User5458,25,Other,Lucknow,Non-Vegetarian,Flexible,Moderately Clean,No,"Minimalist, avoids clutter, prefers peaceful environment","Similar sleep schedule, respectful of boundaries"
User9394,19,Female,Lucknow,Vegetarian,Night owl,Messy,Occasionally,"Enjoys movies, keeps shared areas clean","Minimalist, prefers clean and peaceful room"
User9633,28,Female,Delhi,Vegetarian,Night owl,Messy,Yes,"Introverted, enjoys quiet time, loves reading novels","Similar sleep schedule, respectful of boundaries"
User5938,21,Male,Chennai,Non-Vegetarian,Night owl,Very Clean,Yes,"Chatty and helpful, often invites friends over","Open-minded, talkative, doesn't mind visitors"
User3878,20,Female,Ahmedabad,Eggetarian,Early riser,Messy,Occasionally,"Late night gamer, loves anime and group activities","Friendly, okay with music, respects privacy"
User7505,18,Female,Delhi,Non-Vegetarian,Early riser,Moderately Clean,Occasionally,"Spiritual, practices yoga, needs silence in mornings","Studious, respects space, loves cricket"
User7626,28,Female,Chennai,Vegetarian,Night owl,Very Clean,No,"Focused student, prefers early mornings and chai","Studious, respects space, loves cricket"
User8538,23,Male,Lucknow,Vegetarian,Early riser,Moderately Clean,Occasionally,"Spiritual, practices yoga, needs silence in mornings","Night owl, enjoys late-night discussions"
User2288,24,Female,Pune,Vegetarian,Night owl,Very Clean,Yes,"Studies long hours, needs cooperative environment","Friendly, okay with music, respects privacy"
User9693,26,Male,Pune,Non-Vegetarian,Flexible,Messy,Yes,"Loves cooking, listens to music while studying","Friendly, okay with music, respects privacy"
User3399,22,Male,Bangalore,Eggetarian,Early riser,Messy,Yes,"Focused student, prefers early mornings and chai","Minimalist, prefers clean and peaceful room"
User8601,27,Other,Kolkata,Eggetarian,Flexible,Messy,Occasionally,"Enjoys movies, keeps shared areas clean","Non-smoker, introverted and cooperative"
User6179,20,Female,Mumbai,Non-Vegetarian,Night owl,Messy,No,"Minimalist, avoids clutter, prefers peaceful environment","Studious, respects space, loves cricket"
User1920,23,Other,Mumbai,Non-Vegetarian,Night owl,Moderately Clean,Yes,"Introverted, enjoys quiet time, loves reading novels","Non-smoker, introverted and cooperative"
User5703,19,Other,Mumbai,Eggetarian,Flexible,Messy,No,"Chatty and helpful, often invites friends over","Studious, respects space, loves cricket"
User1672,25,Other,Hyderabad,Non-Vegetarian,Flexible,Moderately Clean,Occasionally,"Focused student, prefers early mornings and chai","Quiet, non-smoker, prefers early mornings"
User8381,19,Female,Mumbai,Eggetarian,Flexible,Very Clean,Yes,"Loves cooking, listens to music while studying","Minimalist, prefers clean and peaceful room"
User8199,26,Other,Jaipur,Vegetarian,Night owl,Moderately Clean,No,"Spiritual, practices yoga, needs silence in mornings","Open-minded, talkative, doesn't mind visitors"
User6543,28,Other,Delhi,Eggetarian,Flexible,Moderately Clean,Yes,"Late night gamer, loves anime and group activities","Friendly, okay with music, respects privacy"
User7333,22,Female,Jaipur,Vegetarian,Night owl,Very Clean,Occasionally,"Focused student, prefers early mornings and chai","Non-smoker, introverted and cooperative"
User6082,28,Other,Lucknow,Vegetarian,Flexible,Messy,Yes,"Minimalist, avoids clutter, prefers peaceful environment","Night owl, enjoys late-night discussions"
User7171,28,Female,Bangalore,Eggetarian,Flexible,Messy,Occasionally,"Studies long hours, needs cooperative environment","Friendly, okay with music, respects privacy"
User7937,26,Female,Delhi,Non-Vegetarian,Night owl,Very Clean,Yes,"Late night gamer, loves anime and group activities","Minimalist, prefers clean and peaceful room"
User4145,21,Male,Bangalore,Vegetarian,Night owl,Very Clean,Occasionally,"Studies long hours, needs cooperative environment","Night owl, enjoys late-night discussions"
User1618,28,Female,Jaipur,Vegetarian,Flexible,Moderately Clean,Yes,"Focused student, prefers early mornings and chai","Clean and organized, no frequent guests"
User3712,25,Male,Lucknow,Non-Vegetarian,Flexible,Messy,Yes,"Chatty and helpful, often invites friends over","Studious, respects space, loves cricket"
User5668,25,Male,Ahmedabad,Vegetarian,Night owl,Moderately Clean,Yes,"Late night gamer, loves anime and group activities","Studious, respects space, loves cricket"
User8218,25,Female,Lucknow,Eggetarian,Flexible,Moderately Clean,Yes,"Loves cooking, listens to music while studying","Studious, respects space, loves cricket"
User3267,22,Male,Kolkata,Non-Vegetarian,Flexible,Very Clean,Occasionally,"Studies long hours, needs cooperative environment","Friendly, okay with music, respects privacy"
User5670,19,Male,Chennai,Non-Vegetarian,Flexible,Very Clean,No,"Extroverted, loves socializing, watches late-night IPL","Similar sleep schedule, respectful of boundaries"
User8391,23,Male,Lucknow,Vegetarian,Night owl,Messy,No,"Loves cooking, listens to music while studying","Open-minded, talkative, doesn't mind visitors"
User2337,23,Male,Delhi,Non-Vegetarian,Early riser,Messy,Occasionally,"Late night gamer, loves anime and group activities","Clean and organized, no frequent guests"
User3254,18,Female,Kolkata,Eggetarian,Early riser,Messy,No,"Chatty and helpful, often invites friends over","Studious, respects space, loves cricket"
User1086,19,Male,Chennai,Vegetarian,Early riser,Messy,Occasionally,"Enjoys movies, keeps shared areas clean","Night owl, enjoys late-night discussions"
User7934,19,Female,Hyderabad,Non-Vegetarian,Early riser,Very Clean,Yes,"Spiritual, practices yoga, needs silence in mornings","Studious, respects space, loves cricket"
User8489,19,Male,Kolkata,Eggetarian,Flexible,Very Clean,Occasionally,"Studies long hours, needs cooperative environment","Studious, respects space, loves cricket"
User4963,20,Female,Lucknow,Vegetarian,Flexible,Moderately Clean,Yes,"Enjoys movies, keeps shared areas clean","Open-minded, talkative, doesn't mind visitors"
User4068,28,Other,Mumbai,Eggetarian,Night owl,Very Clean,Occasionally,"Studies long hours, needs cooperative environment","Night owl, enjoys late-night discussions"
User9316,26,Male,Lucknow,Non-Vegetarian,Early riser,Messy,No,"Late night gamer, loves anime and group activities",Enjoys shared meals and group chats
User1266,23,Male,Pune,Vegetarian,Flexible,Messy,Occasionally,"Extroverted, loves socializing, watches late-night IPL","Studious, respects space, loves cricket"
User6447,20,Male,Pune,Eggetarian,Night owl,Messy,Yes,"Chatty and helpful, often invites friends over","Minimalist, prefers clean and peaceful room"
User3986,20,Male,Kolkata,Vegetarian,Night owl,Very Clean,Yes,"Loves cooking, listens to music while studying","Quiet, non-smoker, prefers early mornings"
User6170,22,Other,Lucknow,Eggetarian,Night owl,Moderately Clean,Yes,"Loves cooking, listens to music while studying",Enjoys shared meals and group chats
User6848,18,Other,Pune,Non-Vegetarian,Early riser,Moderately Clean,No,"Spiritual, practices yoga, needs silence in mornings","Minimalist, prefers clean and peaceful room"
User7334,23,Male,Kolkata,Eggetarian,Night owl,Moderately Clean,Occasionally,"Minimalist, avoids clutter, prefers peaceful environment","Friendly, okay with music, respects privacy"
User7955,19,Female,Jaipur,Vegetarian,Flexible,Moderately Clean,No,"Extroverted, loves socializing, watches late-night IPL","Friendly, okay with music, respects privacy"
User6372,28,Female,Chennai,Non-Vegetarian,Flexible,Messy,No,"Focused student, prefers early mornings and chai","Minimalist, prefers clean and peaceful room"
User6759,25,Male,Pune,Eggetarian,Night owl,Moderately Clean,Occasionally,"Introverted, enjoys quiet time, loves reading novels","Friendly, okay with music, respects privacy"
User7655,23,Other,Bangalore,Vegetarian,Early riser,Messy,Occasionally,"Chatty and helpful, often invites friends over","Quiet, non-smoker, prefers early mornings"
User3068,19,Male,Pune,Non-Vegetarian,Night owl,Messy,Yes,"Enjoys movies, keeps shared areas clean","Clean and organized, no frequent guests"
User8371,23,Female,Kolkata,Vegetarian,Flexible,Very Clean,Occasionally,"Late night gamer, loves anime and group activities","Open-minded, talkative, doesn't mind visitors"
User6150,28,Female,Hyderabad,Vegetarian,Early riser,Messy,Yes,"Chatty and helpful, often invites friends over","Night owl, enjoys late-night discussions"
User7340,26,Male,Chennai,Non-Vegetarian,Flexible,Moderately Clean,Yes,"Enjoys movies, keeps shared areas clean",Enjoys shared meals and group chats
User9047,21,Male,Bangalore,Vegetarian,Night owl,Very Clean,Occasionally,"Chatty and helpful, often invites friends over","Friendly, okay with music, respects privacy"
User6236,28,Female,Mumbai,Eggetarian,Flexible,Moderately Clean,No,"Focused student, prefers early mornings and chai","Clean and organized, no frequent guests"
User6922,26,Male,Mumbai,Vegetarian,Early riser,Very Clean,No,"Introverted, enjoys quiet time, loves reading novels","Non-smoker, introverted and cooperative"
User7044,25,Other,Bangalore,Eggetarian,Early riser,Very Clean,No,"Spiritual, practices yoga, needs silence in mornings","Minimalist, prefers clean and peaceful room"
User9612,24,Female,Jaipur,Vegetarian,Early riser,Moderately Clean,Occasionally,"Extroverted, loves socializing, watches late-night IPL","Minimalist, prefers clean and peaceful room"
User8632,28,Other,Pune,Vegetarian,Flexible,Messy,Occasionally,"Focused student, prefers early mornings and chai","Clean and organized, no frequent guests"
User8088,26,Male,Mumbai,Eggetarian,Early riser,Moderately Clean,Yes,"Focused student, prefers early mornings and chai","Non-smoker, introverted and cooperative"
User4694,23,Other,Chennai,Vegetarian,Night owl,Very Clean,Occasionally,"Studies long hours, needs cooperative environment",Enjoys shared meals and group chats
User3050,28,Female,Jaipur,Eggetarian,Early riser,Messy,Occasionally,"Focused student, prefers early mornings and chai","Studious, respects space, loves cricket"
User3526,20,Other,Jaipur,Eggetarian,Flexible,Moderately Clean,Occasionally,"Introverted, enjoys quiet time, loves reading novels","Quiet, non-smoker, prefers early mornings"
User2330,18,Other,Jaipur,Non-Vegetarian,Flexible,Very Clean,Occasionally,"Spiritual, practices yoga, needs silence in mornings","Studious, respects space, loves cricket"
User1496,25,Other,Ahmedabad,Non-Vegetarian,Flexible,Moderately Clean,No,"Loves cooking, listens to music while studying","Open-minded, talkative, doesn't mind visitors"
User5873,25,Male,Delhi,Vegetarian,Night owl,Moderately Clean,No,"Chatty and helpful, often invites friends over","Similar sleep schedule, respectful of boundaries"
User6573,27,Male,Pune,Eggetarian,Night owl,Messy,No,"Spiritual, practices yoga, needs silence in mornings","Clean and organized, no frequent guests"
User7070,26,Other,Mumbai,Non-Vegetarian,Early riser,Moderately Clean,Yes,"Minimalist, avoids clutter, prefers peaceful environment","Minimalist, prefers clean and peaceful room"
User5061,20,Male,Delhi,Non-Vegetarian,Night owl,Messy,No,"Loves cooking, listens to music while studying","Clean and organized, no frequent guests"
User6364,27,Other,Pune,Vegetarian,Early riser,Moderately Clean,Occasionally,"Chatty and helpful, often invites friends over","Minimalist, prefers clean and peaceful room"
User6055,25,Male,Mumbai,Non-Vegetarian,Flexible,Moderately Clean,Yes,"Loves cooking, listens to music while studying","Studious, respects space, loves cricket"
User6781,18,Male,Chennai,Non-Vegetarian,Flexible,Messy,Occasionally,"Chatty and helpful, often invites friends over",Enjoys shared meals and group chats
User9793,18,Male,Lucknow,Vegetarian,Night owl,Messy,No,"Spiritual, practices yoga, needs silence in mornings","Non-smoker, introverted and cooperative"
User1741,24,Male,Jaipur,Eggetarian,Early riser,Moderately Clean,Occasionally,"Minimalist, avoids clutter, prefers peaceful environment","Friendly, okay with music, respects privacy"
User7329,26,Female,Ahmedabad,Non-Vegetarian,Flexible,Messy,Occasionally,"Extroverted, loves socializing, watches late-night IPL","Clean and organized, no frequent guests"
User2584,24,Female,Pune,Eggetarian,Night owl,Very Clean,Yes,"Enjoys movies, keeps shared areas clean","Night owl, enjoys late-night discussions"
User7576,26,Male,Delhi,Vegetarian,Early riser,Messy,No,"Chatty and helpful, often invites friends over","Night owl, enjoys late-night discussions"
User8487,20,Other,Ahmedabad,Vegetarian,Night owl,Messy,No,"Focused student, prefers early mornings and chai","Open-minded, talkative, doesn't mind visitors"
User5902,27,Female,Ahmedabad,Eggetarian,Flexible,Moderately Clean,Occasionally,"Enjoys movies, keeps shared areas clean",Enjoys shared meals and group chats
User8780,18,Female,Pune,Eggetarian,Early riser,Moderately Clean,Occasionally,"Minimalist, avoids clutter, prefers peaceful environment","Quiet, non-smoker, prefers early mornings"
User8775,22,Other,Jaipur,Eggetarian,Early riser,Messy,Yes,"Enjoys movies, keeps shared areas clean","Minimalist, prefers clean and peaceful room"
User3793,26,Other,Jaipur,Non-Vegetarian,Early riser,Messy,Yes,"Introverted, enjoys quiet time, loves reading novels","Studious, respects space, loves cricket"
User2800,21,Male,Kolkata,Non-Vegetarian,Night owl,Very Clean,No,"Loves cooking, listens to music while studying","Open-minded, talkative, doesn't mind visitors"
User9221,27,Female,Delhi,Eggetarian,Early riser,Messy,Yes,"Studies long hours, needs cooperative environment","Non-smoker, introverted and cooperative"
User8837,26,Female,Pune,Vegetarian,Night owl,Messy,No,"Studies long hours, needs cooperative environment","Non-smoker, introverted and cooperative"
User5331,27,Female,Hyderabad,Vegetarian,Night owl,Messy,No,"Loves cooking, listens to music while studying",Enjoys shared meals and group chats
User5735,21,Other,Kolkata,Non-Vegetarian,Night owl,Moderately Clean,Occasionally,"Minimalist, avoids clutter, prefers peaceful environment",Enjoys shared meals and group chats
User2996,27,Other,Ahmedabad,Non-Vegetarian,Night owl,Moderately Clean,Yes,"Minimalist, avoids clutter, prefers peaceful environment","Quiet, non-smoker, prefers early mornings"
User5712,19,Female,Kolkata,Eggetarian,Night owl,Messy,No,"Loves cooking, listens to music while studying","Similar sleep schedule, respectful of boundaries"
User9824,22,Other,Chennai,Vegetarian,Early riser,Messy,Occasionally,"Enjoys movies, keeps shared areas clean","Similar sleep schedule, respectful of boundaries"
User4972,18,Other,Ahmedabad,Vegetarian,Flexible,Very Clean,Yes,"Extroverted, loves socializing, watches late-night IPL","Open-minded, talkative, doesn't mind visitors"
User6411,25,Male,Bangalore,Vegetarian,Flexible,Very Clean,No,"Chatty and helpful, often invites friends over","Minimalist, prefers clean and peaceful room"
User4267,22,Female,Chennai,Eggetarian,Early riser,Very Clean,Occasionally,"Enjoys movies, keeps shared areas clean","Similar sleep schedule, respectful of boundaries"
User9767,18,Male,Lucknow,Vegetarian,Early riser,Moderately Clean,No,"Focused student, prefers early mornings and chai",Enjoys shared meals and group chats
User1613,18,Female,Jaipur,Eggetarian,Early riser,Moderately Clean,No,"Chatty and helpful, often invites friends over","Night owl, enjoys late-night discussions"
User9590,25,Male,Ahmedabad,Non-Vegetarian,Night owl,Very Clean,Yes,"Late night gamer, loves anime and group activities","Clean and organized, no frequent guests"
User8518,28,Female,Bangalore,Vegetarian,Flexible,Moderately Clean,No,"Enjoys movies, keeps shared areas clean","Similar sleep schedule, respectful of boundaries"
User3875,27,Other,Lucknow,Non-Vegetarian,Flexible,Moderately Clean,Yes,"Spiritual, practices yoga, needs silence in mornings","Friendly, okay with music, respects privacy"
User4027,20,Female,Pune,Vegetarian,Early riser,Moderately Clean,No,"Loves cooking, listens to music while studying","Minimalist, prefers clean and peaceful room"
User5374,23,Female,Jaipur,Eggetarian,Flexible,Very Clean,No,"Late night gamer, loves anime and group activities","Similar sleep schedule, respectful of boundaries"
User2017,28,Male,Kolkata,Non-Vegetarian,Early riser,Moderately Clean,Occasionally,"Studies long hours, needs cooperative environment",Enjoys shared meals and group chats
User2923,28,Female,Pune,Eggetarian,Early riser,Very Clean,Yes,"Chatty and helpful, often invites friends over","Clean and organized, no frequent guests"
User8454,27,Female,Lucknow,Eggetarian,Flexible,Moderately Clean,Occasionally,"Loves cooking, listens to music while studying","Similar sleep schedule, respectful of boundaries"
User2341,26,Female,Ahmedabad,Eggetarian,Night owl,Very Clean,Occasionally,"Extroverted, loves socializing, watches late-night IPL","Quiet, non-smoker, prefers early mornings"
User9972,26,Male,Jaipur,Eggetarian,Early riser,Very Clean,No,"Studies long hours, needs cooperative environment","Minimalist, prefers clean and peaceful room"
User2904,28,Male,Jaipur,Non-Vegetarian,Early riser,Messy,No,"Introverted, enjoys quiet time, loves reading novels","Minimalist, prefers clean and peaceful room"
User3161,26,Female,Kolkata,Eggetarian,Early riser,Messy,No,"Minimalist, avoids clutter, prefers peaceful environment","Quiet, non-smoker, prefers early mornings"
User7487,22,Male,Hyderabad,Eggetarian,Early riser,Very Clean,No,"Late night gamer, loves anime and group activities","Friendly, okay with music, respects privacy"
User9866,18,Male,Kolkata,Vegetarian,Night owl,Moderately Clean,Yes,"Focused student, prefers early mornings and chai","Open-minded, talkative, doesn't mind visitors"
User7135,24,Female,Lucknow,Non-Vegetarian,Early riser,Messy,Occasionally,"Studies long hours, needs cooperative environment","Clean and organized, no frequent guests"
User6697,19,Male,Ahmedabad,Non-Vegetarian,Flexible,Very Clean,Occasionally,"Loves cooking, listens to music while studying","Quiet, non-smoker, prefers early mornings"
User1372,22,Female,Ahmedabad,Non-Vegetarian,Flexible,Moderately Clean,Yes,"Loves cooking, listens to music while studying","Minimalist, prefers clean and peaceful room"
User6671,20,Female,Hyderabad,Eggetarian,Early riser,Very Clean,Occasionally,"Spiritual, practices yoga, needs silence in mornings","Studious, respects space, loves cricket"
User1256,21,Male,Mumbai,Vegetarian,Flexible,Very Clean,No,"Enjoys movies, keeps shared areas clean","Quiet, non-smoker, prefers early mornings"
User5009,18,Female,Kolkata,Vegetarian,Flexible,Very Clean,Yes,"Focused student, prefers early mornings and chai","Night owl, enjoys late-night discussions"
User5739,21,Other,Jaipur,Non-Vegetarian,Flexible,Messy,Occasionally,"Late night gamer, loves anime and group activities","Similar sleep schedule, respectful of boundaries"
User5944,20,Other,Ahmedabad,Vegetarian,Night owl,Moderately Clean,No,"Introverted, enjoys quiet time, loves reading novels","Night owl, enjoys late-night discussions"
User3869,28,Other,Lucknow,Eggetarian,Night owl,Very Clean,No,"Spiritual, practices yoga, needs silence in mornings","Night owl, enjoys late-night discussions"
User6222,24,Female,Bangalore,Non-Vegetarian,Night owl,Very Clean,Occasionally,"Chatty and helpful, often invites friends over","Similar sleep schedule, respectful of boundaries"
User4692,22,Other,Bangalore,Non-Vegetarian,Early riser,Messy,No,"Spiritual, practices yoga, needs silence in mornings","Night owl, enjoys late-night discussions"
User9683,20,Female,Hyderabad,Non-Vegetarian,Early riser,Moderately Clean,Occasionally,"Extroverted, loves socializing, watches late-night IPL","Minimalist, prefers clean and peaceful room"
User7079,19,Other,Hyderabad,Vegetarian,Night owl,Moderately Clean,Occasionally,"Enjoys movies, keeps shared areas clean","Studious, respects space, loves cricket"
User1647,19,Male,Jaipur,Eggetarian,Flexible,Messy,Yes,"Chatty and helpful, often invites friends over","Similar sleep schedule, respectful of boundaries"
User6455,22,Male,Hyderabad,Vegetarian,Flexible,Very Clean,Occasionally,"Chatty and helpful, often invites friends over","Similar sleep schedule, respectful of boundaries"
User4350,24,Male,Ahmedabad,Non-Vegetarian,Night owl,Moderately Clean,No,"Studies long hours, needs cooperative environment","Non-smoker, introverted and cooperative"
User6053,22,Female,Ahmedabad,Non-Vegetarian,Night owl,Very Clean,Occasionally,"Chatty and helpful, often invites friends over","Non-smoker, introverted and cooperative"
User4328,23,Female,Lucknow,Vegetarian,Flexible,Very Clean,Occasionally,"Focused student, prefers early mornings and chai","Quiet, non-smoker, prefers early mornings"
User5272,26,Other,Jaipur,Eggetarian,Night owl,Moderately Clean,Yes,"Loves cooking, listens to music while studying","Non-smoker, introverted and cooperative"
User4768,24,Other,Hyderabad,Non-Vegetarian,Flexible,Messy,Occasionally,"Late night gamer, loves anime and group activities",Enjoys shared meals and group chats
User9005,28,Other,Kolkata,Non-Vegetarian,Early riser,Messy,No,"Focused student, prefers early mornings and chai","Clean and organized, no frequent guests"
User9954,25,Male,Ahmedabad,Eggetarian,Early riser,Messy,Yes,"Extroverted, loves socializing, watches late-night IPL","Quiet, non-smoker, prefers early mornings"
User1104,24,Male,Hyderabad,Vegetarian,Flexible,Very Clean,Yes,"Loves cooking, listens to music while studying","Night owl, enjoys late-night discussions"
User8471,23,Male,Jaipur,Eggetarian,Flexible,Messy,No,"Chatty and helpful, often invites friends over","Quiet, non-smoker, prefers early mornings"
User1108,26,Other,Lucknow,Vegetarian,Early riser,Messy,Occasionally,"Minimalist, avoids clutter, prefers peaceful environment","Night owl, enjoys late-night discussions"
User5697,18,Other,Lucknow,Vegetarian,Early riser,Very Clean,Occasionally,"Focused student, prefers early mornings and chai","Similar sleep schedule, respectful of boundaries"
User4144,27,Other,Chennai,Non-Vegetarian,Night owl,Moderately Clean,Yes,"Late night gamer, loves anime and group activities","Open-minded, talkative, doesn't mind visitors"
User8520,27,Male,Hyderabad,Non-Vegetarian,Flexible,Very Clean,Occasionally,"Introverted, enjoys quiet time, loves reading novels","Friendly, okay with music, respects privacy"
User7640,24,Female,Ahmedabad,Non-Vegetarian,Early riser,Messy,Yes,"Focused student, prefers early mornings and chai","Friendly, okay with music, respects privacy"
User9189,24,Other,Pune,Eggetarian,Early riser,Messy,Yes,"Loves cooking, listens to music while studying","Similar sleep schedule, respectful of boundaries"
User8790,22,Male,Mumbai,Eggetarian,Night owl,Messy,Occasionally,"Introverted, enjoys quiet time, loves reading novels","Clean and organized, no frequent guests"
User6152,18,Male,Jaipur,Vegetarian,Flexible,Moderately Clean,Yes,"Minimalist, avoids clutter, prefers peaceful environment","Clean and organized, no frequent guests"
User4939,27,Female,Ahmedabad,Non-Vegetarian,Night owl,Messy,Yes,"Extroverted, loves socializing, watches late-night IPL","Night owl, enjoys late-night discussions"
User6666,18,Male,Lucknow,Vegetarian,Early riser,Moderately Clean,Occasionally,"Enjoys movies, keeps shared areas clean","Studious, respects space, loves cricket"
User7499,23,Male,Chennai,Non-Vegetarian,Night owl,Very Clean,No,"Studies long hours, needs cooperative environment","Open-minded, talkative, doesn't mind visitors"
User8075,20,Other,Jaipur,Eggetarian,Night owl,Very Clean,Occasionally,"Minimalist, avoids clutter, prefers peaceful environment","Similar sleep schedule, respectful of boundaries"
User2204,19,Female,Bangalore,Non-Vegetarian,Flexible,Messy,Yes,"Spiritual, practices yoga, needs silence in mornings","Non-smoker, introverted and cooperative"
User6909,19,Male,Delhi,Non-Vegetarian,Night owl,Moderately Clean,No,"Extroverted, loves socializing, watches late-night IPL","Clean and organized, no frequent guests"
User2430,20,Female,Kolkata,Eggetarian,Flexible,Messy,No,"Extroverted, loves socializing, watches late-night IPL","Quiet, non-smoker, prefers early mornings"
User2468,23,Other,Mumbai,Eggetarian,Flexible,Moderately Clean,No,"Introverted, enjoys quiet time, loves reading novels",Enjoys shared meals and group chats
User7779,24,Male,Ahmedabad,Vegetarian,Flexible,Messy,Yes,"Spiritual, practices yoga, needs silence in mornings","Clean and organized, no frequent guests"
User3274,22,Female,Chennai,Non-Vegetarian,Early riser,Very Clean,Yes,"Spiritual, practices yoga, needs silence in mornings",Enjoys shared meals and group chats
User7899,22,Female,Mumbai,Non-Vegetarian,Night owl,Very Clean,Occasionally,"Chatty and helpful, often invites friends over","Studious, respects space, loves cricket"
User4203,25,Male,Bangalore,Non-Vegetarian,Early riser,Moderately Clean,No,"Enjoys movies, keeps shared areas clean","Open-minded, talkative, doesn't mind visitors"
User6399,25,Female,Lucknow,Eggetarian,Flexible,Very Clean,No,"Late night gamer, loves anime and group activities","Studious, respects space, loves cricket"
User4290,25,Female,Bangalore,Non-Vegetarian,Night owl,Moderately Clean,Occasionally,"Chatty and helpful, often invites friends over","Studious, respects space, loves cricket"
User4971,23,Female,Chennai,Non-Vegetarian,Night owl,Very Clean,Occasionally,"Loves cooking, listens to music while studying","Studious, respects space, loves cricket"
User9939,20,Other,Ahmedabad,Vegetarian,Flexible,Moderately Clean,Occasionally,"Loves cooking, listens to music while studying","Minimalist, prefers clean and peaceful room"
User5773,19,Female,Kolkata,Vegetarian,Flexible,Moderately Clean,Yes,"Minimalist, avoids clutter, prefers peaceful environment","Clean and organized, no frequent guests"
User7932,24,Male,Kolkata,Eggetarian,Night owl,Messy,No,"Studies long hours, needs cooperative environment","Night owl, enjoys late-night discussions"
User7853,26,Male,Pune,Eggetarian,Flexible,Messy,Occasionally,"Extroverted, loves socializing, watches late-night IPL","Friendly, okay with music, respects privacy"
User5067,28,Other,Pune,Vegetarian,Flexible,Messy,Yes,"Enjoys movies, keeps shared areas clean","Open-minded, talkative, doesn't mind visitors"
User6432,24,Male,Delhi,Vegetarian,Night owl,Very Clean,Occasionally,"Studies long hours, needs cooperative environment","Night owl, enjoys late-night discussions"
User4621,25,Female,Lucknow,Non-Vegetarian,Flexible,Messy,Occasionally,"Studies long hours, needs cooperative environment","Clean and organized, no frequent guests"
User6651,18,Female,Mumbai,Non-Vegetarian,Night owl,Very Clean,Yes,"Focused student, prefers early mornings and chai","Non-smoker, introverted and cooperative"
User6110,23,Female,Hyderabad,Eggetarian,Night owl,Moderately Clean,No,"Extroverted, loves socializing, watches late-night IPL","Minimalist, prefers clean and peaceful room"
User8412,23,Male,Chennai,Vegetarian,Flexible,Very Clean,Yes,"Late night gamer, loves anime and group activities","Friendly, okay with music, respects privacy"
User3692,21,Other,Bangalore,Eggetarian,Early riser,Moderately Clean,Occasionally,"Spiritual, practices yoga, needs silence in mornings","Minimalist, prefers clean and peaceful room"
User4798,24,Other,Bangalore,Vegetarian,Flexible,Messy,No,"Spiritual, practices yoga, needs silence in mornings","Quiet, non-smoker, prefers early mornings"
User4232,25,Other,Lucknow,Non-Vegetarian,Early riser,Messy,Yes,"Loves cooking, listens to music while studying",Enjoys shared meals and group chats
User2025,27,Male,Ahmedabad,Vegetarian,Night owl,Moderately Clean,Yes,"Chatty and helpful, often invites friends over","Friendly, okay with music, respects privacy"
User5298,28,Female,Ahmedabad,Eggetarian,Night owl,Messy,No,"Enjoys movies, keeps shared areas clean","Open-minded, talkative, doesn't mind visitors"
User2871,23,Female,Kolkata,Eggetarian,Early riser,Messy,Occasionally,"Minimalist, avoids clutter, prefers peaceful environment","Studious, respects space, loves cricket"
User2388,28,Male,Pune,Vegetarian,Early riser,Moderately Clean,Yes,"Focused student, prefers early mornings and chai","Non-smoker, introverted and cooperative"
User3316,26,Female,Lucknow,Eggetarian,Early riser,Messy,No,"Spiritual, practices yoga, needs silence in mornings","Clean and organized, no frequent guests"
User8973,28,Other,Bangalore,Eggetarian,Early riser,Moderately Clean,No,"Focused student, prefers early mornings and chai","Clean and organized, no frequent guests"
User6154,25,Other,Delhi,Non-Vegetarian,Early riser,Moderately Clean,Yes,"Loves cooking, listens to music while studying","Open-minded, talkative, doesn't mind visitors"
User9281,28,Female,Lucknow,Eggetarian,Night owl,Moderately Clean,Occasionally,"Chatty and helpful, often invites friends over","Minimalist, prefers clean and peaceful room"
User3740,19,Other,Delhi,Vegetarian,Night owl,Very Clean,No,"Loves cooking, listens to music while studying","Night owl, enjoys late-night discussions"
User5729,20,Female,Jaipur,Eggetarian,Night owl,Messy,Occasionally,"Extroverted, loves socializing, watches late-night IPL","Studious, respects space, loves cricket"
User2871,22,Other,Pune,Eggetarian,Early riser,Messy,No,"Studies long hours, needs cooperative environment","Similar sleep schedule, respectful of boundaries"
User7965,19,Other,Hyderabad,Non-Vegetarian,Early riser,Moderately Clean,No,"Late night gamer, loves anime and group activities","Friendly, okay with music, respects privacy"
User8193,19,Male,Hyderabad,Eggetarian,Flexible,Messy,No,"Enjoys movies, keeps shared areas clean","Open-minded, talkative, doesn't mind visitors"
User3719,27,Male,Hyderabad,Vegetarian,Early riser,Messy,No,"Studies long hours, needs cooperative environment",Enjoys shared meals and group chats
User9827,20,Female,Chennai,Non-Vegetarian,Flexible,Moderately Clean,Occasionally,"Extroverted, loves socializing, watches late-night IPL","Clean and organized, no frequent guests"
User7743,18,Female,Bangalore,Eggetarian,Early riser,Very Clean,Yes,"Late night gamer, loves anime and group activities","Similar sleep schedule, respectful of boundaries"
User7434,25,Male,Jaipur,Eggetarian,Night owl,Messy,No,"Spiritual, practices yoga, needs silence in mornings","Minimalist, prefers clean and peaceful room"
User2237,28,Male,Lucknow,Eggetarian,Flexible,Moderately Clean,Occasionally,"Late night gamer, loves anime and group activities","Minimalist, prefers clean and peaceful room"
User8996,23,Other,Delhi,Eggetarian,Early riser,Messy,No,"Late night gamer, loves anime and group activities","Friendly, okay with music, respects privacy"
User9756,24,Male,Lucknow,Vegetarian,Night owl,Moderately Clean,No,"Minimalist, avoids clutter, prefers peaceful environment","Non-smoker, introverted and cooperative"
User9967,27,Male,Jaipur,Non-Vegetarian,Night owl,Messy,Yes,"Introverted, enjoys quiet time, loves reading novels","Friendly, okay with music, respects privacy"
User8529,18,Male,Bangalore,Non-Vegetarian,Night owl,Very Clean,No,"Loves cooking, listens to music while studying","Clean and organized, no frequent guests"
User5945,20,Female,Mumbai,Eggetarian,Night owl,Moderately Clean,Yes,"Late night gamer, loves anime and group activities","Clean and organized, no frequent guests"
User1848,24,Other,Chennai,Eggetarian,Flexible,Very Clean,No,"Extroverted, loves socializing, watches late-night IPL","Friendly, okay with music, respects privacy"
User1017,21,Female,Mumbai,Vegetarian,Flexible,Very Clean,Occasionally,"Chatty and helpful, often invites friends over","Quiet, non-smoker, prefers early mornings"
User1132,23,Male,Lucknow,Eggetarian,Early riser,Moderately Clean,Yes,"Loves cooking, listens to music while studying","Open-minded, talkative, doesn't mind visitors"
User2463,19,Male,Pune,Non-Vegetarian,Night owl,Very Clean,No,"Focused student, prefers early mornings and chai","Clean and organized, no frequent guests"
User2120,26,Other,Delhi,Eggetarian,Flexible,Very Clean,No,"Late night gamer, loves anime and group activities","Similar sleep schedule, respectful of boundaries"
User3480,24,Other,Kolkata,Vegetarian,Early riser,Very Clean,Yes,"Extroverted, loves socializing, watches late-night IPL","Studious, respects space, loves cricket"
User7291,23,Female,Pune,Vegetarian,Early riser,Moderately Clean,Occasionally,"Extroverted, loves socializing, watches late-night IPL","Similar sleep schedule, respectful of boundaries"
User5668,18,Other,Chennai,Vegetarian,Flexible,Messy,Occasionally,"Loves cooking, listens to music while studying","Open-minded, talkative, doesn't mind visitors"
User5842,28,Male,Hyderabad,Non-Vegetarian,Night owl,Very Clean,Yes,"Chatty and helpful, often invites friends over","Studious, respects space, loves cricket"
User2163,26,Male,Pune,Non-Vegetarian,Early riser,Moderately Clean,Occasionally,"Spiritual, practices yoga, needs silence in mornings","Non-smoker, introverted and cooperative"
User9951,28,Male,Kolkata,Vegetarian,Early riser,Messy,Yes,"Introverted, enjoys quiet time, loves reading novels",Enjoys shared meals and group chats
User4534,18,Male,Lucknow,Eggetarian,Night owl,Messy,Occasionally,"Studies long hours, needs cooperative environment","Open-minded, talkative, doesn't mind visitors"
User7939,24,Male,Ahmedabad,Eggetarian,Flexible,Very Clean,No,"Extroverted, loves socializing, watches late-night IPL",Enjoys shared meals and group chats
User2294,26,Male,Bangalore,Eggetarian,Night owl,Moderately Clean,Occasionally,"Extroverted, loves socializing, watches late-night IPL",Enjoys shared meals and group chats
User8167,21,Male,Hyderabad,Vegetarian,Night owl,Very Clean,No,"Enjoys movies, keeps shared areas clean","Studious, respects space, loves cricket"
User1901,22,Other,Bangalore,Vegetarian,Early riser,Messy,Yes,"Introverted, enjoys quiet time, loves reading novels","Clean and organized, no frequent guests"
User9133,23,Other,Ahmedabad,Eggetarian,Night owl,Very Clean,No,"Focused student, prefers early mornings and chai",Enjoys shared meals and group chats
User2934,18,Female,Lucknow,Non-Vegetarian,Flexible,Very Clean,No,"Enjoys movies, keeps shared areas clean","Friendly, okay with music, respects privacy"
User9128,25,Other,Pune,Vegetarian,Night owl,Messy,Yes,"Late night gamer, loves anime and group activities","Clean and organized, no frequent guests"
User5179,19,Other,Mumbai,Vegetarian,Flexible,Messy,Yes,"Introverted, enjoys quiet time, loves reading novels","Quiet, non-smoker, prefers early mornings"
User5006,18,Female,Pune,Non-Vegetarian,Early riser,Very Clean,Yes,"Studies long hours, needs cooperative environment","Open-minded, talkative, doesn't mind visitors"
User4678,23,Male,Lucknow,Eggetarian,Night owl,Moderately Clean,Yes,"Enjoys movies, keeps shared areas clean","Non-smoker, introverted and cooperative"
User2956,26,Other,Delhi,Vegetarian,Early riser,Messy,Yes,"Spiritual, practices yoga, needs silence in mornings","Friendly, okay with music, respects privacy"
User8620,22,Female,Pune,Vegetarian,Flexible,Moderately Clean,Yes,"Late night gamer, loves anime and group activities","Similar sleep schedule, respectful of boundaries"
User5777,27,Female,Jaipur,Vegetarian,Night owl,Moderately Clean,Occasionally,"Chatty and helpful, often invites friends over","Similar sleep schedule, respectful of boundaries"
User9954,21,Male,Delhi,Non-Vegetarian,Early riser,Very Clean,Occasionally,"Late night gamer, loves anime and group activities","Quiet, non-smoker, prefers early mornings"
User6488,18,Other,Lucknow,Eggetarian,Flexible,Moderately Clean,Yes,"Loves cooking, listens to music while studying","Night owl, enjoys late-night discussions"
User4902,24,Female,Delhi,Vegetarian,Flexible,Moderately Clean,Yes,"Introverted, enjoys quiet time, loves reading novels","Similar sleep schedule, respectful of boundaries"
User9515,24,Other,Pune,Non-Vegetarian,Flexible,Very Clean,Occasionally,"Extroverted, loves socializing, watches late-night IPL","Night owl, enjoys late-night discussions"
User3187,28,Female,Mumbai,Eggetarian,Flexible,Very Clean,No,"Focused student, prefers early mornings and chai","Similar sleep schedule, respectful of boundaries"
User5778,22,Female,Lucknow,Eggetarian,Flexible,Moderately Clean,No,"Chatty and helpful, often invites friends over",Enjoys shared meals and group chats
User4827,19,Male,Bangalore,Eggetarian,Early riser,Very Clean,Yes,"Focused student, prefers early mornings and chai","Minimalist, prefers clean and peaceful room"
User8635,23,Female,Mumbai,Eggetarian,Night owl,Very Clean,No,"Minimalist, avoids clutter, prefers peaceful environment","Minimalist, prefers clean and peaceful room"
User5341,19,Male,Bangalore,Eggetarian,Night owl,Messy,Occasionally,"Enjoys movies, keeps shared areas clean","Quiet, non-smoker, prefers early mornings"
User4522,23,Male,Mumbai,Eggetarian,Early riser,Moderately Clean,No,"Studies long hours, needs cooperative environment","Quiet, non-smoker, prefers early mornings"
User5896,22,Male,Delhi,Non-Vegetarian,Night owl,Messy,Occasionally,"Studies long hours, needs cooperative environment","Similar sleep schedule, respectful of boundaries"
User2551,25,Male,Bangalore,Vegetarian,Early riser,Very Clean,Yes,"Focused student, prefers early mornings and chai","Similar sleep schedule, respectful of boundaries"
User7563,23,Other,Mumbai,Eggetarian,Flexible,Moderately Clean,Yes,"Introverted, enjoys quiet time, loves reading novels","Friendly, okay with music, respects privacy"
User4239,28,Female,Bangalore,Vegetarian,Night owl,Very Clean,Yes,"Chatty and helpful, often invites friends over","Quiet, non-smoker, prefers early mornings"
User3752,27,Female,Lucknow,Non-Vegetarian,Early riser,Moderately Clean,Occasionally,"Spiritual, practices yoga, needs silence in mornings","Clean and organized, no frequent guests"
User6799,21,Male,Chennai,Non-Vegetarian,Night owl,Very Clean,Yes,"Enjoys movies, keeps shared areas clean","Studious, respects space, loves cricket"
User5026,28,Female,Kolkata,Non-Vegetarian,Flexible,Moderately Clean,Yes,"Extroverted, loves socializing, watches late-night IPL",Enjoys shared meals and group chats
User7275,20,Female,Hyderabad,Eggetarian,Flexible,Very Clean,Occasionally,"Studies long hours, needs cooperative environment","Quiet, non-smoker, prefers early mornings"
User7266,23,Female,Ahmedabad,Non-Vegetarian,Night owl,Messy,Occasionally,"Late night gamer, loves anime and group activities","Open-minded, talkative, doesn't mind visitors"
User5430,20,Male,Pune,Eggetarian,Early riser,Very Clean,No,"Introverted, enjoys quiet time, loves reading novels","Minimalist, prefers clean and peaceful room"
User9674,23,Other,Hyderabad,Vegetarian,Early riser,Very Clean,Occasionally,"Loves cooking, listens to music while studying",Enjoys shared meals and group chats
User9743,18,Male,Jaipur,Non-Vegetarian,Night owl,Very Clean,Yes,"Loves cooking, listens to music while studying","Studious, respects space, loves cricket"
User6210,23,Other,Delhi,Eggetarian,Flexible,Moderately Clean,Occasionally,"Enjoys movies, keeps shared areas clean","Clean and organized, no frequent guests"
User4084,25,Other,Chennai,Vegetarian,Night owl,Very Clean,Yes,"Introverted, enjoys quiet time, loves reading novels","Similar sleep schedule, respectful of boundaries"
User4584,18,Other,Kolkata,Vegetarian,Night owl,Messy,Yes,"Focused student, prefers early mornings and chai","Non-smoker, introverted and cooperative"
User3907,23,Male,Delhi,Vegetarian,Flexible,Messy,Yes,"Extroverted, loves socializing, watches late-night IPL","Night owl, enjoys late-night discussions"
User6978,19,Female,Lucknow,Eggetarian,Early riser,Moderately Clean,No,"Late night gamer, loves anime and group activities","Clean and organized, no frequent guests"
User3580,24,Other,Kolkata,Eggetarian,Night owl,Very Clean,Occasionally,"Studies long hours, needs cooperative environment","Studious, respects space, loves cricket"
User6846,21,Other,Jaipur,Vegetarian,Night owl,Moderately Clean,Occasionally,"Minimalist, avoids clutter, prefers peaceful environment","Clean and organized, no frequent guests"
User3911,18,Other,Jaipur,Non-Vegetarian,Flexible,Very Clean,Yes,"Enjoys movies, keeps shared areas clean","Non-smoker, introverted and cooperative"
User4619,28,Other,Mumbai,Non-Vegetarian,Early riser,Moderately Clean,Occasionally,"Extroverted, loves socializing, watches late-night IPL","Similar sleep schedule, respectful of boundaries"
User6682,23,Male,Mumbai,Eggetarian,Flexible,Messy,Occasionally,"Late night gamer, loves anime and group activities","Minimalist, prefers clean and peaceful room"
User1186,22,Male,Hyderabad,Eggetarian,Early riser,Moderately Clean,No,"Extroverted, loves socializing, watches late-night IPL","Quiet, non-smoker, prefers early mornings"
User1788,24,Female,Lucknow,Vegetarian,Night owl,Moderately Clean,No,"Late night gamer, loves anime and group activities","Night owl, enjoys late-night discussions"
User7149,19,Female,Jaipur,Eggetarian,Flexible,Very Clean,Yes,"Chatty and helpful, often invites friends over","Friendly, okay with music, respects privacy"
User1547,22,Male,Pune,Non-Vegetarian,Early riser,Very Clean,No,"Focused student, prefers early mornings and chai","Open-minded, talkative, doesn't mind visitors"
User3636,19,Other,Mumbai,Non-Vegetarian,Flexible,Messy,No,"Introverted, enjoys quiet time, loves reading novels","Open-minded, talkative, doesn't mind visitors"
User3703,27,Female,Bangalore,Vegetarian,Early riser,Moderately Clean,Yes,"Loves cooking, listens to music while studying","Open-minded, talkative, doesn't mind visitors"
User9849,22,Other,Chennai,Non-Vegetarian,Early riser,Very Clean,Yes,"Spiritual, practices yoga, needs silence in mornings","Studious, respects space, loves cricket"
User9043,20,Male,Pune,Vegetarian,Night owl,Very Clean,No,"Enjoys movies, keeps shared areas clean","Minimalist, prefers clean and peaceful room"
User4271,19,Male,Hyderabad,Vegetarian,Flexible,Moderately Clean,Yes,"Chatty and helpful, often invites friends over","Friendly, okay with music, respects privacy"
User6052,24,Female,Kolkata,Eggetarian,Night owl,Very Clean,Occasionally,"Studies long hours, needs cooperative environment","Open-minded, talkative, doesn't mind visitors"
User4029,23,Female,Pune,Vegetarian,Night owl,Very Clean,No,"Chatty and helpful, often invites friends over","Minimalist, prefers clean and peaceful room"
User5315,21,Female,Jaipur,Vegetarian,Early riser,Messy,Occasionally,"Extroverted, loves socializing, watches late-night IPL","Friendly, okay with music, respects privacy"
User6632,26,Female,Jaipur,Vegetarian,Flexible,Very Clean,No,"Studies long hours, needs cooperative environment","Open-minded, talkative, doesn't mind visitors"
User9773,28,Female,Jaipur,Vegetarian,Night owl,Moderately Clean,Yes,"Spiritual, practices yoga, needs silence in mornings","Quiet, non-smoker, prefers early mornings"
User9226,27,Other,Jaipur,Eggetarian,Flexible,Very Clean,Yes,"Chatty and helpful, often invites friends over","Clean and organized, no frequent guests"
User3738,21,Male,Bangalore,Vegetarian,Night owl,Very Clean,Occasionally,"Spiritual, practices yoga, needs silence in mornings","Similar sleep schedule, respectful of boundaries"
User3422,27,Female,Pune,Eggetarian,Early riser,Very Clean,No,"Studies long hours, needs cooperative environment","Open-minded, talkative, doesn't mind visitors"
User6343,22,Other,Kolkata,Vegetarian,Flexible,Messy,Occasionally,"Studies long hours, needs cooperative environment","Open-minded, talkative, doesn't mind visitors"
User2843,24,Male,Bangalore,Eggetarian,Flexible,Messy,Yes,"Extroverted, loves socializing, watches late-night IPL","Studious, respects space, loves cricket"
User2654,22,Other,Pune,Non-Vegetarian,Night owl,Moderately Clean,Occasionally,"Chatty and helpful, often invites friends over","Studious, respects space, loves cricket"
User8750,18,Male,Chennai,Non-Vegetarian,Early riser,Messy,Occasionally,"Spiritual, practices yoga, needs silence in mornings","Quiet, non-smoker, prefers early mornings"
User7484,23,Other,Hyderabad,Vegetarian,Flexible,Moderately Clean,No,"Late night gamer, loves anime and group activities","Quiet, non-smoker, prefers early mornings"
User6535,22,Female,Chennai,Non-Vegetarian,Flexible,Messy,Yes,"Loves cooking, listens to music while studying","Clean and organized, no frequent guests"
User5923,25,Female,Chennai,Eggetarian,Night owl,Messy,Occasionally,"Extroverted, loves socializing, watches late-night IPL","Similar sleep schedule, respectful of boundaries"
User8237,21,Female,Kolkata,Eggetarian,Night owl,Very Clean,Occasionally,"Focused student, prefers early mornings and chai","Friendly, okay with music, respects privacy"
User6097,26,Female,Bangalore,Eggetarian,Flexible,Very Clean,Yes,"Loves cooking, listens to music while studying","Similar sleep schedule, respectful of boundaries"
User1944,21,Male,Kolkata,Vegetarian,Night owl,Messy,Yes,"Minimalist, avoids clutter, prefers peaceful environment","Non-smoker, introverted and cooperative"
User8605,26,Female,Mumbai,Eggetarian,Early riser,Very Clean,No,"Chatty and helpful, often invites friends over","Studious, respects space, loves cricket"
User8308,20,Female,Jaipur,Eggetarian,Night owl,Moderately Clean,Yes,"Minimalist, avoids clutter, prefers peaceful environment","Friendly, okay with music, respects privacy"
User5670,18,Female,Delhi,Vegetarian,Flexible,Very Clean,Yes,"Loves cooking, listens to music while studying","Similar sleep schedule, respectful of boundaries"
User5408,28,Female,Ahmedabad,Vegetarian,Flexible,Very Clean,No,"Focused student, prefers early mornings and chai","Clean and organized, no frequent guests"
User1138,21,Female,Jaipur,Non-Vegetarian,Flexible,Messy,Occasionally,"Minimalist, avoids clutter, prefers peaceful environment","Open-minded, talkative, doesn't mind visitors"
User7168,23,Female,Chennai,Vegetarian,Night owl,Moderately Clean,Occasionally,"Studies long hours, needs cooperative environment","Studious, respects space, loves cricket"
User7506,27,Male,Delhi,Eggetarian,Flexible,Moderately Clean,Occasionally,"Enjoys movies, keeps shared areas clean","Studious, respects space, loves cricket"
User5631,22,Other,Mumbai,Non-Vegetarian,Early riser,Moderately Clean,No,"Late night gamer, loves anime and group activities",Enjoys shared meals and group chats
User5278,28,Other,Chennai,Vegetarian,Early riser,Messy,Yes,"Introverted, enjoys quiet time, loves reading novels","Studious, respects space, loves cricket"
User7620,28,Female,Bangalore,Eggetarian,Early riser,Messy,No,"Minimalist, avoids clutter, prefers peaceful environment",Enjoys shared meals and group chats
User7857,24,Female,Delhi,Eggetarian,Flexible,Messy,Yes,"Late night gamer, loves anime and group activities","Similar sleep schedule, respectful of boundaries"
User9759,28,Female,Pune,Eggetarian,Night owl,Very Clean,Occasionally,"Studies long hours, needs cooperative environment","Clean and organized, no frequent guests"
User5813,19,Female,Bangalore,Eggetarian,Night owl,Messy,Occasionally,"Focused student, prefers early mornings and chai","Non-smoker, introverted and cooperative"
User2463,21,Female,Hyderabad,Eggetarian,Night owl,Moderately Clean,No,"Late night gamer, loves anime and group activities",Enjoys shared meals and group chats
User5817,25,Male,Kolkata,Vegetarian,Flexible,Messy,Occasionally,"Enjoys movies, keeps shared areas clean","Friendly, okay with music, respects privacy"
User8736,21,Other,Mumbai,Eggetarian,Night owl,Messy,No,"Spiritual, practices yoga, needs silence in mornings","Quiet, non-smoker, prefers early mornings"
User3470,20,Male,Pune,Non-Vegetarian,Flexible,Moderately Clean,Yes,"Late night gamer, loves anime and group activities","Clean and organized, no frequent guests"
User2324,25,Female,Bangalore,Non-Vegetarian,Flexible,Very Clean,Yes,"Chatty and helpful, often invites friends over",Enjoys shared meals and group chats
User4430,20,Other,Bangalore,Non-Vegetarian,Early riser,Very Clean,Occasionally,"Spiritual, practices yoga, needs silence in mornings","Open-minded, talkative, doesn't mind visitors"
User7609,24,Female,Lucknow,Vegetarian,Early riser,Messy,Yes,"Late night gamer, loves anime and group activities","Quiet, non-smoker, prefers early mornings"
User6279,26,Male,Delhi,Eggetarian,Early riser,Messy,Occasionally,"Loves cooking, listens to music while studying","Similar sleep schedule, respectful of boundaries"
User6641,22,Male,Mumbai,Non-Vegetarian,Flexible,Messy,No,"Focused student, prefers early mornings and chai","Friendly, okay with music, respects privacy"
User1749,22,Female,Kolkata,Eggetarian,Flexible,Messy,Occasionally,"Late night gamer, loves anime and group activities","Open-minded, talkative, doesn't mind visitors"
User3192,23,Female,Pune,Vegetarian,Early riser,Moderately Clean,Yes,"Loves cooking, listens to music while studying","Similar sleep schedule, respectful of boundaries"
User3149,21,Other,Delhi,Eggetarian,Flexible,Very Clean,Yes,"Late night gamer, loves anime and group activities","Quiet, non-smoker, prefers early mornings"
User7147,28,Female,Ahmedabad,Eggetarian,Early riser,Messy,Yes,"Extroverted, loves socializing, watches late-night IPL","Quiet, non-smoker, prefers early mornings"
User1790,19,Female,Kolkata,Non-Vegetarian,Early riser,Messy,No,"Chatty and helpful, often invites friends over","Clean and organized, no frequent guests"
User4366,28,Other,Delhi,Non-Vegetarian,Night owl,Messy,Yes,"Studies long hours, needs cooperative environment",Enjoys shared meals and group chats
User3247,24,Male,Ahmedabad,Eggetarian,Flexible,Very Clean,No,"Extroverted, loves socializing, watches late-night IPL","Friendly, okay with music, respects privacy"
User9154,21,Other,Hyderabad,Non-Vegetarian,Flexible,Very Clean,No,"Spiritual, practices yoga, needs silence in mornings",Enjoys shared meals and group chats
User3627,18,Other,Kolkata,Vegetarian,Flexible,Moderately Clean,No,"Loves cooking, listens to music while studying","Quiet, non-smoker, prefers early mornings"
User1208,28,Male,Mumbai,Eggetarian,Flexible,Moderately Clean,Yes,"Extroverted, loves socializing, watches late-night IPL","Night owl, enjoys late-night discussions"
User2229,19,Female,Hyderabad,Non-Vegetarian,Night owl,Moderately Clean,No,"Introverted, enjoys quiet time, loves reading novels","Friendly, okay with music, respects privacy"
User3862,18,Female,Pune,Eggetarian,Night owl,Moderately Clean,Occasionally,"Extroverted, loves socializing, watches late-night IPL","Friendly, okay with music, respects privacy"
User1751,18,Male,Bangalore,Non-Vegetarian,Night owl,Moderately Clean,Occasionally,"Minimalist, avoids clutter, prefers peaceful environment","Friendly, okay with music, respects privacy"
User7105,23,Male,Mumbai,Non-Vegetarian,Night owl,Moderately Clean,No,"Spiritual, practices yoga, needs silence in mornings","Minimalist, prefers clean and peaceful room"
User7909,28,Male,Mumbai,Vegetarian,Flexible,Messy,Yes,"Focused student, prefers early mornings and chai","Friendly, okay with music, respects privacy"
User7816,27,Female,Jaipur,Eggetarian,Night owl,Very Clean,Occasionally,"Spiritual, practices yoga, needs silence in mornings","Non-smoker, introverted and cooperative"
User1472,28,Other,Bangalore,Non-Vegetarian,Night owl,Very Clean,No,"Chatty and helpful, often invites friends over","Quiet, non-smoker, prefers early mornings"
User2037,22,Other,Pune,Vegetarian,Flexible,Messy,Occasionally,"Enjoys movies, keeps shared areas clean","Studious, respects space, loves cricket"
User4669,28,Female,Ahmedabad,Eggetarian,Flexible,Messy,Occasionally,"Extroverted, loves socializing, watches late-night IPL","Open-minded, talkative, doesn't mind visitors"
User5072,25,Female,Lucknow,Vegetarian,Flexible,Messy,Yes,"Introverted, enjoys quiet time, loves reading novels","Clean and organized, no frequent guests"
User9283,25,Female,Bangalore,Vegetarian,Night owl,Moderately Clean,Yes,"Late night gamer, loves anime and group activities",Enjoys shared meals and group chats
User1824,26,Male,Ahmedabad,Eggetarian,Night owl,Moderately Clean,Yes,"Extroverted, loves socializing, watches late-night IPL","Minimalist, prefers clean and peaceful room"
User8277,27,Female,Mumbai,Non-Vegetarian,Night owl,Moderately Clean,Yes,"Chatty and helpful, often invites friends over","Quiet, non-smoker, prefers early mornings"
User2681,24,Female,Delhi,Eggetarian,Flexible,Very Clean,Yes,"Enjoys movies, keeps shared areas clean","Studious, respects space, loves cricket"
User5990,26,Other,Hyderabad,Eggetarian,Flexible,Moderately Clean,No,"Late night gamer, loves anime and group activities","Quiet, non-smoker, prefers early mornings"
User4652,25,Female,Ahmedabad,Eggetarian,Flexible,Moderately Clean,Occasionally,"Late night gamer, loves anime and group activities","Minimalist, prefers clean and peaceful room"
User2868,19,Other,Hyderabad,Vegetarian,Night owl,Moderately Clean,Occasionally,"Minimalist, avoids clutter, prefers peaceful environment","Night owl, enjoys late-night discussions"
User9552,23,Other,Mumbai,Vegetarian,Early riser,Moderately Clean,Yes,"Spiritual, practices yoga, needs silence in mornings","Friendly, okay with music, respects privacy"
User5166,27,Male,Hyderabad,Vegetarian,Night owl,Very Clean,No,"Loves cooking, listens to music while studying","Non-smoker, introverted and cooperative"
User2765,24,Male,Jaipur,Vegetarian,Night owl,Moderately Clean,Occasionally,"Enjoys movies, keeps shared areas clean","Night owl, enjoys late-night discussions"
User3205,25,Male,Ahmedabad,Eggetarian,Early riser,Messy,No,"Enjoys movies, keeps shared areas clean","Minimalist, prefers clean and peaceful room"
User9328,20,Other,Jaipur,Vegetarian,Flexible,Very Clean,Yes,"Spiritual, practices yoga, needs silence in mornings","Studious, respects space, loves cricket"
User6273,26,Female,Lucknow,Eggetarian,Flexible,Very Clean,No,"Spiritual, practices yoga, needs silence in mornings","Non-smoker, introverted and cooperative"
User5819,25,Male,Bangalore,Non-Vegetarian,Flexible,Messy,Occasionally,"Studies long hours, needs cooperative environment",Enjoys shared meals and group chats
User9975,23,Other,Ahmedabad,Eggetarian,Early riser,Very Clean,Yes,"Enjoys movies, keeps shared areas clean",Enjoys shared meals and group chats
User6657,28,Male,Bangalore,Eggetarian,Flexible,Messy,Occasionally,"Late night gamer, loves anime and group activities","Friendly, okay with music, respects privacy"
User6771,26,Female,Jaipur,Eggetarian,Flexible,Messy,No,"Studies long hours, needs cooperative environment",Enjoys shared meals and group chats
User7920,18,Other,Mumbai,Vegetarian,Night owl,Very Clean,Yes,"Introverted, enjoys quiet time, loves reading novels","Similar sleep schedule, respectful of boundaries"
User5374,20,Female,Chennai,Vegetarian,Early riser,Messy,No,"Loves cooking, listens to music while studying","Night owl, enjoys late-night discussions"
User1529,23,Female,Mumbai,Eggetarian,Flexible,Messy,Occasionally,"Loves cooking, listens to music while studying","Night owl, enjoys late-night discussions"
User7371,21,Other,Chennai,Eggetarian,Flexible,Very Clean,No,"Spiritual, practices yoga, needs silence in mornings","Open-minded, talkative, doesn't mind visitors"
User6122,26,Male,Delhi,Eggetarian,Night owl,Very Clean,Occasionally,"Chatty and helpful, often invites friends over","Similar sleep schedule, respectful of boundaries"
User7025,27,Other,Jaipur,Vegetarian,Flexible,Very Clean,No,"Chatty and helpful, often invites friends over","Clean and organized, no frequent guests"
User2220,20,Male,Ahmedabad,Vegetarian,Night owl,Very Clean,No,"Minimalist, avoids clutter, prefers peaceful environment","Night owl, enjoys late-night discussions"
User5329,20,Male,Jaipur,Non-Vegetarian,Early riser,Moderately Clean,No,"Focused student, prefers early mornings and chai","Quiet, non-smoker, prefers early mornings"
User3518,23,Other,Delhi,Eggetarian,Flexible,Messy,No,"Chatty and helpful, often invites friends over","Studious, respects space, loves cricket"
User6866,19,Other,Pune,Eggetarian,Early riser,Very Clean,Occasionally,"Extroverted, loves socializing, watches late-night IPL","Night owl, enjoys late-night discussions"
User3611,24,Other,Ahmedabad,Non-Vegetarian,Early riser,Moderately Clean,Yes,"Loves cooking, listens to music while studying","Non-smoker, introverted and cooperative"
User6424,23,Female,Hyderabad,Eggetarian,Flexible,Moderately Clean,Occasionally,"Introverted, enjoys quiet time, loves reading novels","Friendly, okay with music, respects privacy"
